{
  "type": "Compass Connections",
  "version": {
    "$numberInt": "1"
  },
  "connections": [
    {
      "id": "c078e7a0-864f-47e7-ac63-ac87f20d2a0b",
      "lastUsed": {
        "$date": {
          "$numberLong": "1734237993542"
        }
      },
      "favorite": {
        "name": "Raziel",
        "color": "color3"
      },
      "savedConnectionType": "recent",
      "connectionOptions": {
        "connectionString": "mongodb://raziel:zafnat@192.168.0.19:27017/",
        "oidc": {
          "serializedState": "eyJvaWRjUGx1Z2luU3RhdGVWZXJzaW9uIjowLCJzdGF0ZSI6W119"
        }
      }
    }
  ]
}